{"title":"Downstream segmentation in Cardinal","markdown":{"yaml":{"title":"Downstream segmentation in Cardinal","execute":{"warning":false,"message":false},"output":{"html_document":"default"}},"headingText":"Introduction","containsRefs":false,"markdown":"\n\nIn this part, we start from processed imzML data in Section 2, first show how ion mobility is stored, then perform spatial shrunken centorids to show that it is compatible with Cardinal, and further illustrate benefits of ion moblity by single ion image segmentation.\n\n### Cardinal setup\nFirst make sure Cardinal is installed. If not, run the code below in a R session: \n```{r}\n#| eval: false\n#| echo: true\n#| warning: false\n#| message: false\n#| collapse: true\nif (!require(\"BiocManager\", quietly = TRUE))\n    install.packages(\"BiocManager\")\n\nBiocManager::install(\"Cardinal\")\n```\nThen load Cardinal:\n```{r}\nlibrary(\"Cardinal\")\n```\n\n### Load processed dataset\n\nThe raw .d dataset was processed by TIMSImaging and exported as continuous, centroided imzML format, that each pixel corresponds to a spectrum with 3 dimensions: mz, mobility and intensity; all spectra share the same mz and mobility domain.\\\nHere we use `extraArrays` to load ion mobility information, and `MS:1003006` is the entry number for ion mobility.\n```{r}\nmsa <- readMSIData(\"D:/dataset/Kidney_MS1_ITO6.imzML\", as=\"MSImagingArrays\", extraArrays=c(mobility=\"MS:1003006\"))\nmsa\n```\n\nCheck that we can access ion mobility now. The mobiity values are in $1/K_0$:\n```{r}\nspectraData(msa)$mobility\n```\n\n### Coerce to MSImagingExperiment\n\nIn order to do downstream analysis, we need to convert the MSImagingArray object to MSImagingExperiment. Unfortunately, currently MSImagingExperiment does not support extra arrays and the mobility array would be discarded. However, we can do *spatial analysis* like segmentation anyway as the features are from ion mobility-awere peak picking(after conversion, isobaric ions are still distinct.)\n```{r}\nmse <- convertMSImagingArrays2Experiment(msa)\n```\n\n### Spatial Shruken Centroids Segmentation\n\nHere we use multivariate spatial shrunken centroids(SSC) to cluster pixels into segments. We use a fixed segment number(k) with different sparsity(s). The larger s is, the more unimportant features would be ignored and not contribute to segmentation.\n\n```{r}\nset.seed(42, kind=\"L'Ecuyer-CMRG\")\nssc <- spatialShrunkenCentroids(mse, r=1, k=3, s=c(0, 6, 12))\nssc\n```\n\nWe can visualize the segmentation results and compare with the results from vendor's SCiLS Lab software, which uses bisecting K-means. When s=6, SSC results in clear segments for Cortex(1), Medulla(2) and background(3).\n```{r}\nimage(ssc, i=1:3, type=\"probability\", layout=c(1,3))\n```\n\n![SCiLS result](Bisecting_k_means.PNG)\n\nVisualize statistic profile for each segment. Use the `plot` function to show which mass features are associated with which segments, higher statistics means the feature has more contribution to corresponding segment. Here we visualize top-100 features for each segment.\n```{r}\nplot(ssc, i=1:3, n=100, linewidth=2, layout=c(3,1))\n```\n\n### Univariate segmentation on isobaric features\n\nHere we select two isobaric features, apply univariate Spatial Dirichlet Gaussian mixture models(DGMM) on them separately, and compare with segmentation that treats them as one feature.\\\nFirst plot ion images separately. Note that two features have apexes at the same mass location, but here we use the weighted average m/z to distinguish them in the MSImagingExperiment object(see the heatmap in [Section 1](2-mouse_kidney.ipynb#isomer_screenshot_1)).\n\n```{r}\ni <- findInterval(1105.5, mz(mse))\n\nmobs <- spectraData(msa)$mobility[[1]][c(i+1, i+2)]\nimg <- image(mse, i=c(i+1, i+2), scale=TRUE)\n# add ion mobility in plot titles\nimg$labels <- paste(img$labels, \"\\n1/K_0 = \", sprintf(\"%.3f\", mobs))\nplot(img)\n```\n\nDGMM on individual features. Though two features are at the same m/z, i=2(1/K$_0$=1.533) has higher correlation with the sub-structures while i=1 is more uniformly distributed.\n\n```{r}\nions <- subsetFeatures(mse, i=c(i+1, i+2))\n\nset.seed(42, kind=\"L'Ecuyer-CMRG\")\ndgmm <- spatialDGMM(ions, r=1, k=3, weights=\"gaussian\")\nimage(dgmm, i=c(1,2), layout=c(1,2))\n```\n\nPlot the ion image collapsing two features(ignore separation by ion mobility). Here we use the `bin()` function in Cardinal which sums intensities within 1 Da bin, as there are no other feature in the mass interval.\n\n```{r}\nsummed <- bin(ions, resolution=1, units=\"mz\")\nimage(summed, i=2)\n```\n\nDGMM on collapsed feature without ion mobility separation, the segmentation result is noisier than using feature(m/z = 1105.5277, 1/K$_0$=1.533) only. DGMM segmentation is usually used to find features whose segments colocalize with certain ROIs, on ion moblity-resolved data could help screening informative features more accurately.\n\n```{r}\ndgmm_summed <- spatialDGMM(summed, r=1, k=3, weights=\"gaussian\")\nimage(dgmm_summed, i=2)\n```\n","srcMarkdownNoYaml":"\n\n## Introduction\nIn this part, we start from processed imzML data in Section 2, first show how ion mobility is stored, then perform spatial shrunken centorids to show that it is compatible with Cardinal, and further illustrate benefits of ion moblity by single ion image segmentation.\n\n### Cardinal setup\nFirst make sure Cardinal is installed. If not, run the code below in a R session: \n```{r}\n#| eval: false\n#| echo: true\n#| warning: false\n#| message: false\n#| collapse: true\nif (!require(\"BiocManager\", quietly = TRUE))\n    install.packages(\"BiocManager\")\n\nBiocManager::install(\"Cardinal\")\n```\nThen load Cardinal:\n```{r}\nlibrary(\"Cardinal\")\n```\n\n### Load processed dataset\n\nThe raw .d dataset was processed by TIMSImaging and exported as continuous, centroided imzML format, that each pixel corresponds to a spectrum with 3 dimensions: mz, mobility and intensity; all spectra share the same mz and mobility domain.\\\nHere we use `extraArrays` to load ion mobility information, and `MS:1003006` is the entry number for ion mobility.\n```{r}\nmsa <- readMSIData(\"D:/dataset/Kidney_MS1_ITO6.imzML\", as=\"MSImagingArrays\", extraArrays=c(mobility=\"MS:1003006\"))\nmsa\n```\n\nCheck that we can access ion mobility now. The mobiity values are in $1/K_0$:\n```{r}\nspectraData(msa)$mobility\n```\n\n### Coerce to MSImagingExperiment\n\nIn order to do downstream analysis, we need to convert the MSImagingArray object to MSImagingExperiment. Unfortunately, currently MSImagingExperiment does not support extra arrays and the mobility array would be discarded. However, we can do *spatial analysis* like segmentation anyway as the features are from ion mobility-awere peak picking(after conversion, isobaric ions are still distinct.)\n```{r}\nmse <- convertMSImagingArrays2Experiment(msa)\n```\n\n### Spatial Shruken Centroids Segmentation\n\nHere we use multivariate spatial shrunken centroids(SSC) to cluster pixels into segments. We use a fixed segment number(k) with different sparsity(s). The larger s is, the more unimportant features would be ignored and not contribute to segmentation.\n\n```{r}\nset.seed(42, kind=\"L'Ecuyer-CMRG\")\nssc <- spatialShrunkenCentroids(mse, r=1, k=3, s=c(0, 6, 12))\nssc\n```\n\nWe can visualize the segmentation results and compare with the results from vendor's SCiLS Lab software, which uses bisecting K-means. When s=6, SSC results in clear segments for Cortex(1), Medulla(2) and background(3).\n```{r}\nimage(ssc, i=1:3, type=\"probability\", layout=c(1,3))\n```\n\n![SCiLS result](Bisecting_k_means.PNG)\n\nVisualize statistic profile for each segment. Use the `plot` function to show which mass features are associated with which segments, higher statistics means the feature has more contribution to corresponding segment. Here we visualize top-100 features for each segment.\n```{r}\nplot(ssc, i=1:3, n=100, linewidth=2, layout=c(3,1))\n```\n\n### Univariate segmentation on isobaric features\n\nHere we select two isobaric features, apply univariate Spatial Dirichlet Gaussian mixture models(DGMM) on them separately, and compare with segmentation that treats them as one feature.\\\nFirst plot ion images separately. Note that two features have apexes at the same mass location, but here we use the weighted average m/z to distinguish them in the MSImagingExperiment object(see the heatmap in [Section 1](2-mouse_kidney.ipynb#isomer_screenshot_1)).\n\n```{r}\ni <- findInterval(1105.5, mz(mse))\n\nmobs <- spectraData(msa)$mobility[[1]][c(i+1, i+2)]\nimg <- image(mse, i=c(i+1, i+2), scale=TRUE)\n# add ion mobility in plot titles\nimg$labels <- paste(img$labels, \"\\n1/K_0 = \", sprintf(\"%.3f\", mobs))\nplot(img)\n```\n\nDGMM on individual features. Though two features are at the same m/z, i=2(1/K$_0$=1.533) has higher correlation with the sub-structures while i=1 is more uniformly distributed.\n\n```{r}\nions <- subsetFeatures(mse, i=c(i+1, i+2))\n\nset.seed(42, kind=\"L'Ecuyer-CMRG\")\ndgmm <- spatialDGMM(ions, r=1, k=3, weights=\"gaussian\")\nimage(dgmm, i=c(1,2), layout=c(1,2))\n```\n\nPlot the ion image collapsing two features(ignore separation by ion mobility). Here we use the `bin()` function in Cardinal which sums intensities within 1 Da bin, as there are no other feature in the mass interval.\n\n```{r}\nsummed <- bin(ions, resolution=1, units=\"mz\")\nimage(summed, i=2)\n```\n\nDGMM on collapsed feature without ion mobility separation, the segmentation result is noisier than using feature(m/z = 1105.5277, 1/K$_0$=1.533) only. DGMM segmentation is usually used to find features whose segments colocalize with certain ROIs, on ion moblity-resolved data could help screening informative features more accurately.\n\n```{r}\ndgmm_summed <- spatialDGMM(summed, r=1, k=3, weights=\"gaussian\")\nimage(dgmm_summed, i=2)\n```\n"},"formats":{"html":{"identifier":{"display-name":"HTML","target-format":"html","base-format":"html"},"execute":{"fig-width":7,"fig-height":5,"fig-format":"retina","fig-dpi":96,"df-print":"default","error":false,"eval":true,"cache":null,"freeze":false,"echo":true,"output":{"html_document":"default"},"warning":false,"include":true,"keep-md":false,"keep-ipynb":false,"ipynb":null,"enabled":null,"daemon":null,"daemon-restart":false,"debug":false,"ipynb-filters":[],"ipynb-shell-interactivity":null,"plotly-connected":true,"message":false,"engine":"knitr"},"render":{"keep-tex":false,"keep-typ":false,"keep-source":false,"keep-hidden":false,"prefer-html":false,"output-divs":true,"output-ext":"html","fig-align":"default","fig-pos":null,"fig-env":null,"code-fold":"none","code-overflow":"scroll","code-link":false,"code-line-numbers":false,"code-tools":false,"tbl-colwidths":"auto","merge-includes":true,"inline-includes":false,"preserve-yaml":false,"latex-auto-mk":true,"latex-auto-install":true,"latex-clean":true,"latex-min-runs":1,"latex-max-runs":10,"latex-makeindex":"makeindex","latex-makeindex-opts":[],"latex-tlmgr-opts":[],"latex-input-paths":[],"latex-output-dir":null,"link-external-icon":false,"link-external-newwindow":false,"self-contained-math":false,"format-resources":[],"notebook-links":true},"pandoc":{"standalone":true,"wrap":"none","default-image-extension":"png","to":"html","toc":true,"output-file":"3-mouse_kidney_segmentation.html"},"language":{"toc-title-document":"Table of contents","toc-title-website":"On this page","related-formats-title":"Other Formats","related-notebooks-title":"Notebooks","source-notebooks-prefix":"Source","other-links-title":"Other Links","code-links-title":"Code Links","launch-dev-container-title":"Launch Dev Container","launch-binder-title":"Launch Binder","article-notebook-label":"Article Notebook","notebook-preview-download":"Download Notebook","notebook-preview-download-src":"Download Source","notebook-preview-back":"Back to Article","manuscript-meca-bundle":"MECA Bundle","section-title-abstract":"Abstract","section-title-appendices":"Appendices","section-title-footnotes":"Footnotes","section-title-references":"References","section-title-reuse":"Reuse","section-title-copyright":"Copyright","section-title-citation":"Citation","appendix-attribution-cite-as":"For attribution, please cite this work as:","appendix-attribution-bibtex":"BibTeX citation:","appendix-view-license":"View License","title-block-author-single":"Author","title-block-author-plural":"Authors","title-block-affiliation-single":"Affiliation","title-block-affiliation-plural":"Affiliations","title-block-published":"Published","title-block-modified":"Modified","title-block-keywords":"Keywords","callout-tip-title":"Tip","callout-note-title":"Note","callout-warning-title":"Warning","callout-important-title":"Important","callout-caution-title":"Caution","code-summary":"Code","code-tools-menu-caption":"Code","code-tools-show-all-code":"Show All Code","code-tools-hide-all-code":"Hide All Code","code-tools-view-source":"View Source","code-tools-source-code":"Source Code","tools-share":"Share","tools-download":"Download","code-line":"Line","code-lines":"Lines","copy-button-tooltip":"Copy to Clipboard","copy-button-tooltip-success":"Copied!","repo-action-links-edit":"Edit this page","repo-action-links-source":"View source","repo-action-links-issue":"Report an issue","back-to-top":"Back to top","search-no-results-text":"No results","search-matching-documents-text":"matching documents","search-copy-link-title":"Copy link to search","search-hide-matches-text":"Hide additional matches","search-more-match-text":"more match in this document","search-more-matches-text":"more matches in this document","search-clear-button-title":"Clear","search-text-placeholder":"","search-detached-cancel-button-title":"Cancel","search-submit-button-title":"Submit","search-label":"Search","toggle-section":"Toggle section","toggle-sidebar":"Toggle sidebar navigation","toggle-dark-mode":"Toggle dark mode","toggle-reader-mode":"Toggle reader mode","toggle-navigation":"Toggle navigation","crossref-fig-title":"Figure","crossref-tbl-title":"Table","crossref-lst-title":"Listing","crossref-thm-title":"Theorem","crossref-lem-title":"Lemma","crossref-cor-title":"Corollary","crossref-prp-title":"Proposition","crossref-cnj-title":"Conjecture","crossref-def-title":"Definition","crossref-exm-title":"Example","crossref-exr-title":"Exercise","crossref-ch-prefix":"Chapter","crossref-apx-prefix":"Appendix","crossref-sec-prefix":"Section","crossref-eq-prefix":"Equation","crossref-lof-title":"List of Figures","crossref-lot-title":"List of Tables","crossref-lol-title":"List of Listings","environment-proof-title":"Proof","environment-remark-title":"Remark","environment-solution-title":"Solution","listing-page-order-by":"Order By","listing-page-order-by-default":"Default","listing-page-order-by-date-asc":"Oldest","listing-page-order-by-date-desc":"Newest","listing-page-order-by-number-desc":"High to Low","listing-page-order-by-number-asc":"Low to High","listing-page-field-date":"Date","listing-page-field-title":"Title","listing-page-field-description":"Description","listing-page-field-author":"Author","listing-page-field-filename":"File Name","listing-page-field-filemodified":"Modified","listing-page-field-subtitle":"Subtitle","listing-page-field-readingtime":"Reading Time","listing-page-field-wordcount":"Word Count","listing-page-field-categories":"Categories","listing-page-minutes-compact":"{0} min","listing-page-category-all":"All","listing-page-no-matches":"No matching items","listing-page-words":"{0} words","listing-page-filter":"Filter","draft":"Draft"},"metadata":{"lang":"en","fig-responsive":true,"quarto-version":"1.8.25","theme":"cosmo","title":"Downstream segmentation in Cardinal"},"extensions":{"book":{"multiFile":true}}},"pdf":{"identifier":{"display-name":"PDF","target-format":"pdf","base-format":"pdf"},"execute":{"fig-width":5.5,"fig-height":3.5,"fig-format":"pdf","fig-dpi":300,"df-print":"default","error":false,"eval":true,"cache":null,"freeze":false,"echo":true,"output":{"html_document":"default"},"warning":false,"include":true,"keep-md":false,"keep-ipynb":false,"ipynb":null,"enabled":null,"daemon":null,"daemon-restart":false,"debug":false,"ipynb-filters":[],"ipynb-shell-interactivity":null,"plotly-connected":true,"message":false,"engine":"knitr"},"render":{"keep-tex":false,"keep-typ":false,"keep-source":false,"keep-hidden":false,"prefer-html":false,"output-divs":true,"output-ext":"pdf","fig-align":"default","fig-pos":null,"fig-env":null,"code-fold":"none","code-overflow":"scroll","code-link":false,"code-line-numbers":false,"code-tools":false,"tbl-colwidths":true,"merge-includes":true,"inline-includes":false,"preserve-yaml":false,"latex-auto-mk":true,"latex-auto-install":true,"latex-clean":true,"latex-min-runs":1,"latex-max-runs":10,"latex-makeindex":"makeindex","latex-makeindex-opts":[],"latex-tlmgr-opts":[],"latex-input-paths":[],"latex-output-dir":null,"link-external-icon":false,"link-external-newwindow":false,"self-contained-math":false,"format-resources":[]},"pandoc":{"pdf-engine":"lualatex","standalone":true,"variables":{"graphics":true,"tables":true},"default-image-extension":"pdf","to":"pdf","output-file":"3-mouse_kidney_segmentation.pdf"},"language":{"toc-title-document":"Table of contents","toc-title-website":"On this page","related-formats-title":"Other Formats","related-notebooks-title":"Notebooks","source-notebooks-prefix":"Source","other-links-title":"Other Links","code-links-title":"Code Links","launch-dev-container-title":"Launch Dev Container","launch-binder-title":"Launch Binder","article-notebook-label":"Article Notebook","notebook-preview-download":"Download Notebook","notebook-preview-download-src":"Download Source","notebook-preview-back":"Back to Article","manuscript-meca-bundle":"MECA Bundle","section-title-abstract":"Abstract","section-title-appendices":"Appendices","section-title-footnotes":"Footnotes","section-title-references":"References","section-title-reuse":"Reuse","section-title-copyright":"Copyright","section-title-citation":"Citation","appendix-attribution-cite-as":"For attribution, please cite this work as:","appendix-attribution-bibtex":"BibTeX citation:","appendix-view-license":"View License","title-block-author-single":"Author","title-block-author-plural":"Authors","title-block-affiliation-single":"Affiliation","title-block-affiliation-plural":"Affiliations","title-block-published":"Published","title-block-modified":"Modified","title-block-keywords":"Keywords","callout-tip-title":"Tip","callout-note-title":"Note","callout-warning-title":"Warning","callout-important-title":"Important","callout-caution-title":"Caution","code-summary":"Code","code-tools-menu-caption":"Code","code-tools-show-all-code":"Show All Code","code-tools-hide-all-code":"Hide All Code","code-tools-view-source":"View Source","code-tools-source-code":"Source Code","tools-share":"Share","tools-download":"Download","code-line":"Line","code-lines":"Lines","copy-button-tooltip":"Copy to Clipboard","copy-button-tooltip-success":"Copied!","repo-action-links-edit":"Edit this page","repo-action-links-source":"View source","repo-action-links-issue":"Report an issue","back-to-top":"Back to top","search-no-results-text":"No results","search-matching-documents-text":"matching documents","search-copy-link-title":"Copy link to search","search-hide-matches-text":"Hide additional matches","search-more-match-text":"more match in this document","search-more-matches-text":"more matches in this document","search-clear-button-title":"Clear","search-text-placeholder":"","search-detached-cancel-button-title":"Cancel","search-submit-button-title":"Submit","search-label":"Search","toggle-section":"Toggle section","toggle-sidebar":"Toggle sidebar navigation","toggle-dark-mode":"Toggle dark mode","toggle-reader-mode":"Toggle reader mode","toggle-navigation":"Toggle navigation","crossref-fig-title":"Figure","crossref-tbl-title":"Table","crossref-lst-title":"Listing","crossref-thm-title":"Theorem","crossref-lem-title":"Lemma","crossref-cor-title":"Corollary","crossref-prp-title":"Proposition","crossref-cnj-title":"Conjecture","crossref-def-title":"Definition","crossref-exm-title":"Example","crossref-exr-title":"Exercise","crossref-ch-prefix":"Chapter","crossref-apx-prefix":"Appendix","crossref-sec-prefix":"Section","crossref-eq-prefix":"Equation","crossref-lof-title":"List of Figures","crossref-lot-title":"List of Tables","crossref-lol-title":"List of Listings","environment-proof-title":"Proof","environment-remark-title":"Remark","environment-solution-title":"Solution","listing-page-order-by":"Order By","listing-page-order-by-default":"Default","listing-page-order-by-date-asc":"Oldest","listing-page-order-by-date-desc":"Newest","listing-page-order-by-number-desc":"High to Low","listing-page-order-by-number-asc":"Low to High","listing-page-field-date":"Date","listing-page-field-title":"Title","listing-page-field-description":"Description","listing-page-field-author":"Author","listing-page-field-filename":"File Name","listing-page-field-filemodified":"Modified","listing-page-field-subtitle":"Subtitle","listing-page-field-readingtime":"Reading Time","listing-page-field-wordcount":"Word Count","listing-page-field-categories":"Categories","listing-page-minutes-compact":"{0} min","listing-page-category-all":"All","listing-page-no-matches":"No matching items","listing-page-words":"{0} words","listing-page-filter":"Filter","draft":"Draft"},"metadata":{"block-headings":true,"documentclass":"scrreprt","title":"Downstream segmentation in Cardinal"},"extensions":{"book":{"selfContainedOutput":true}}}},"projectFormats":["html","pdf"]}