{"title":"TIMSCONVERT workflow comparison","markdown":{"yaml":{"title":"TIMSCONVERT workflow comparison","execute":{"warning":false,"message":false},"output":{"html_document":"default"}},"headingText":"Introduction","containsRefs":false,"markdown":"\n\n\nIn this part, we compare TIMSImaging workflow with existing method that ignores ion mobility on the same mosue kidney peptide dataset. TIMSCONVERT is an open-source tool to convert general Bruker raw data into open formats, users could install from https://github.com/gtluu/timsconvert. Specifically, it outputs imzML for MALDI-TIMS-MS imaging data, either with ion mobility or not. However, it does **NOT** do any pre-processing. ![](workflow_compare.png)\n\n### Convert raw data using TIMSCONVERT\nFirst we use TIMSCONVERT to get **unprocessed** imzML. Note that unprocessed imzML with ion mobility is usually huge, we recommmend to do conversion using HPC.\n```{shell}\n#| eval: false\n#| echo: true\n#| warning: false\n#| message: false\n#| collapse: true\n\n#!/bin/bash\n#SBATCH --nodes=1\n#SBATCH --time=4:00:00\n#SBATCH --job-name=Casestudy_timsconvert\n#SBATCH --mem=80G\n#SBATCH --partition=short\n#SBATCH -o output_%j.txt                    # Standard output file\n#SBATCH -e error_%j.txt                     # Standard error file\n#SBATCH --mail-user=zhu.yiny@northeastern.edu  # Email\n#SBATCH --mail-type=ALL                     # Type of email notifications\neval \"$(conda shell.bash hook)\"\nconda activate timsconvert\ncd /work/VitekLab/Data/MS/Melanie_manuscript/\ntimsconvert --input Kidney_MS1_ITO6.d --outdir mouse_kidney_timsconvert_output --compression none --mode centroid --verbose\nconda deactivate\n```\n\n### Process data from TIMSCONVERT\n\n```{r setup, include=FALSE}\nlibrary(\"Cardinal\")\n```\n\nLoad the imzML data from TIMSCONVERT, which is obtained by running the shell script.\n\n```{r data import}\nmsa <- readMSIData(\"D:\\\\dataset\\\\Melanie_case_study\\\\Kidney_MS1_ITO6.imzML\")\nmsa\n```\n\nTIMSCONVERT keeped ion mobility in the imzML data, however the peak processing functions in Cardinal cannot take advantage of it. Here we bin the spectra to project data points with the same m/z but different ion mobilities together, then do processing **without** ion mobility in Cardinal.\n\n```{r}\nmse_binned <- bin(msa, resolution=20, units=\"ppm\")\nmse<-summarizePixels(mse_binned)\n```\n\nTo reduce the computation, we only process the kidney tissue region in following steps.\n\n```{r}\nkidney <- subsetPixels(mse, x<500)\nimage(kidney, 'tic')\n```\n\nPlot one spectrum, though a single spectrum is centroided on m/z dimension by the instrument, it looks more similar with a profile spectrum after projection.\n\n```{r unprocessed spectra visualization}\nplot(kidney, i=1234)\n```\n\nTreat the data as profile spectra and process it to reduce the number of features.\n\n```{r peak processing}\nkidney <- subsetPixels(mse_binned, x<500)\ncentroided(kidney)<-FALSE\nset.seed(1, kind=\"L'Ecuyer-CMRG\")\n#kidney <- normalize(kidney, method='rms')\npeaks <- peakProcess(kidney, SNR=3, tolerance=200, units=\"ppm\")\n```\n\n### Comparing ion images with/without ion mobility\n\nThen we load the processed data from TIMSImaging, which is already peak-picked.\n\n```{r TIMSImaging data}\npeaks_timsimaging <- readMSIData(\"D:\\\\dataset\\\\Melanie_case_study\\\\mouse_kidney.imzML\")\npeaks_timsimaging\n```\n\nNormalize on peak-picked data for fair comparison:\n\n```{r normalization}\npeaks_norm = process(normalize(peaks, method='tic'))\npeaks_timsimaging <- process(normalize(peaks_timsimaging, method='tic'))\n```\n\nPlot ion images from processsing with/without ion mobility in the same color scale.\n\n```{r ion image visualization}\nm <- 1198.7\nimage(peaks_timsimaging, i = findInterval(m, mz(peaks_timsimaging))+1, zlim=c(0, 5))\nimage(peaks_norm, mz = m, zlim=c(0, 5))\n```\n\nThe ion images from TIMSCONVERT and processed in Cardinal looks noiser, as well as less contrast between the background and kidney edge.\n\n```{r}\nm <- 1443.59\nimage(peaks_timsimaging, i = findInterval(m, mz(peaks_timsimaging))+1, zlim=c(0, 8))\nimage(peaks_norm, mz = m, zlim=c(0, 8))\n```\n","srcMarkdownNoYaml":"\n\n## Introduction\n\nIn this part, we compare TIMSImaging workflow with existing method that ignores ion mobility on the same mosue kidney peptide dataset. TIMSCONVERT is an open-source tool to convert general Bruker raw data into open formats, users could install from https://github.com/gtluu/timsconvert. Specifically, it outputs imzML for MALDI-TIMS-MS imaging data, either with ion mobility or not. However, it does **NOT** do any pre-processing. ![](workflow_compare.png)\n\n### Convert raw data using TIMSCONVERT\nFirst we use TIMSCONVERT to get **unprocessed** imzML. Note that unprocessed imzML with ion mobility is usually huge, we recommmend to do conversion using HPC.\n```{shell}\n#| eval: false\n#| echo: true\n#| warning: false\n#| message: false\n#| collapse: true\n\n#!/bin/bash\n#SBATCH --nodes=1\n#SBATCH --time=4:00:00\n#SBATCH --job-name=Casestudy_timsconvert\n#SBATCH --mem=80G\n#SBATCH --partition=short\n#SBATCH -o output_%j.txt                    # Standard output file\n#SBATCH -e error_%j.txt                     # Standard error file\n#SBATCH --mail-user=zhu.yiny@northeastern.edu  # Email\n#SBATCH --mail-type=ALL                     # Type of email notifications\neval \"$(conda shell.bash hook)\"\nconda activate timsconvert\ncd /work/VitekLab/Data/MS/Melanie_manuscript/\ntimsconvert --input Kidney_MS1_ITO6.d --outdir mouse_kidney_timsconvert_output --compression none --mode centroid --verbose\nconda deactivate\n```\n\n### Process data from TIMSCONVERT\n\n```{r setup, include=FALSE}\nlibrary(\"Cardinal\")\n```\n\nLoad the imzML data from TIMSCONVERT, which is obtained by running the shell script.\n\n```{r data import}\nmsa <- readMSIData(\"D:\\\\dataset\\\\Melanie_case_study\\\\Kidney_MS1_ITO6.imzML\")\nmsa\n```\n\nTIMSCONVERT keeped ion mobility in the imzML data, however the peak processing functions in Cardinal cannot take advantage of it. Here we bin the spectra to project data points with the same m/z but different ion mobilities together, then do processing **without** ion mobility in Cardinal.\n\n```{r}\nmse_binned <- bin(msa, resolution=20, units=\"ppm\")\nmse<-summarizePixels(mse_binned)\n```\n\nTo reduce the computation, we only process the kidney tissue region in following steps.\n\n```{r}\nkidney <- subsetPixels(mse, x<500)\nimage(kidney, 'tic')\n```\n\nPlot one spectrum, though a single spectrum is centroided on m/z dimension by the instrument, it looks more similar with a profile spectrum after projection.\n\n```{r unprocessed spectra visualization}\nplot(kidney, i=1234)\n```\n\nTreat the data as profile spectra and process it to reduce the number of features.\n\n```{r peak processing}\nkidney <- subsetPixels(mse_binned, x<500)\ncentroided(kidney)<-FALSE\nset.seed(1, kind=\"L'Ecuyer-CMRG\")\n#kidney <- normalize(kidney, method='rms')\npeaks <- peakProcess(kidney, SNR=3, tolerance=200, units=\"ppm\")\n```\n\n### Comparing ion images with/without ion mobility\n\nThen we load the processed data from TIMSImaging, which is already peak-picked.\n\n```{r TIMSImaging data}\npeaks_timsimaging <- readMSIData(\"D:\\\\dataset\\\\Melanie_case_study\\\\mouse_kidney.imzML\")\npeaks_timsimaging\n```\n\nNormalize on peak-picked data for fair comparison:\n\n```{r normalization}\npeaks_norm = process(normalize(peaks, method='tic'))\npeaks_timsimaging <- process(normalize(peaks_timsimaging, method='tic'))\n```\n\nPlot ion images from processsing with/without ion mobility in the same color scale.\n\n```{r ion image visualization}\nm <- 1198.7\nimage(peaks_timsimaging, i = findInterval(m, mz(peaks_timsimaging))+1, zlim=c(0, 5))\nimage(peaks_norm, mz = m, zlim=c(0, 5))\n```\n\nThe ion images from TIMSCONVERT and processed in Cardinal looks noiser, as well as less contrast between the background and kidney edge.\n\n```{r}\nm <- 1443.59\nimage(peaks_timsimaging, i = findInterval(m, mz(peaks_timsimaging))+1, zlim=c(0, 8))\nimage(peaks_norm, mz = m, zlim=c(0, 8))\n```\n"},"formats":{"html":{"identifier":{"display-name":"HTML","target-format":"html","base-format":"html"},"execute":{"fig-width":7,"fig-height":5,"fig-format":"retina","fig-dpi":96,"df-print":"default","error":false,"eval":true,"cache":null,"freeze":false,"echo":true,"output":{"html_document":"default"},"warning":false,"include":true,"keep-md":false,"keep-ipynb":false,"ipynb":null,"enabled":null,"daemon":null,"daemon-restart":false,"debug":false,"ipynb-filters":[],"ipynb-shell-interactivity":null,"plotly-connected":true,"message":false,"engine":"knitr"},"render":{"keep-tex":false,"keep-typ":false,"keep-source":false,"keep-hidden":false,"prefer-html":false,"output-divs":true,"output-ext":"html","fig-align":"default","fig-pos":null,"fig-env":null,"code-fold":"none","code-overflow":"scroll","code-link":false,"code-line-numbers":false,"code-tools":false,"tbl-colwidths":"auto","merge-includes":true,"inline-includes":false,"preserve-yaml":false,"latex-auto-mk":true,"latex-auto-install":true,"latex-clean":true,"latex-min-runs":1,"latex-max-runs":10,"latex-makeindex":"makeindex","latex-makeindex-opts":[],"latex-tlmgr-opts":[],"latex-input-paths":[],"latex-output-dir":null,"link-external-icon":false,"link-external-newwindow":false,"self-contained-math":false,"format-resources":[],"notebook-links":true},"pandoc":{"standalone":true,"wrap":"none","default-image-extension":"png","to":"html","toc":true,"output-file":"4-timsconvert_comparison.html"},"language":{"toc-title-document":"Table of contents","toc-title-website":"On this page","related-formats-title":"Other Formats","related-notebooks-title":"Notebooks","source-notebooks-prefix":"Source","other-links-title":"Other Links","code-links-title":"Code Links","launch-dev-container-title":"Launch Dev Container","launch-binder-title":"Launch Binder","article-notebook-label":"Article Notebook","notebook-preview-download":"Download Notebook","notebook-preview-download-src":"Download Source","notebook-preview-back":"Back to Article","manuscript-meca-bundle":"MECA Bundle","section-title-abstract":"Abstract","section-title-appendices":"Appendices","section-title-footnotes":"Footnotes","section-title-references":"References","section-title-reuse":"Reuse","section-title-copyright":"Copyright","section-title-citation":"Citation","appendix-attribution-cite-as":"For attribution, please cite this work as:","appendix-attribution-bibtex":"BibTeX citation:","appendix-view-license":"View License","title-block-author-single":"Author","title-block-author-plural":"Authors","title-block-affiliation-single":"Affiliation","title-block-affiliation-plural":"Affiliations","title-block-published":"Published","title-block-modified":"Modified","title-block-keywords":"Keywords","callout-tip-title":"Tip","callout-note-title":"Note","callout-warning-title":"Warning","callout-important-title":"Important","callout-caution-title":"Caution","code-summary":"Code","code-tools-menu-caption":"Code","code-tools-show-all-code":"Show All Code","code-tools-hide-all-code":"Hide All Code","code-tools-view-source":"View Source","code-tools-source-code":"Source Code","tools-share":"Share","tools-download":"Download","code-line":"Line","code-lines":"Lines","copy-button-tooltip":"Copy to Clipboard","copy-button-tooltip-success":"Copied!","repo-action-links-edit":"Edit this page","repo-action-links-source":"View source","repo-action-links-issue":"Report an issue","back-to-top":"Back to top","search-no-results-text":"No results","search-matching-documents-text":"matching documents","search-copy-link-title":"Copy link to search","search-hide-matches-text":"Hide additional matches","search-more-match-text":"more match in this document","search-more-matches-text":"more matches in this document","search-clear-button-title":"Clear","search-text-placeholder":"","search-detached-cancel-button-title":"Cancel","search-submit-button-title":"Submit","search-label":"Search","toggle-section":"Toggle section","toggle-sidebar":"Toggle sidebar navigation","toggle-dark-mode":"Toggle dark mode","toggle-reader-mode":"Toggle reader mode","toggle-navigation":"Toggle navigation","crossref-fig-title":"Figure","crossref-tbl-title":"Table","crossref-lst-title":"Listing","crossref-thm-title":"Theorem","crossref-lem-title":"Lemma","crossref-cor-title":"Corollary","crossref-prp-title":"Proposition","crossref-cnj-title":"Conjecture","crossref-def-title":"Definition","crossref-exm-title":"Example","crossref-exr-title":"Exercise","crossref-ch-prefix":"Chapter","crossref-apx-prefix":"Appendix","crossref-sec-prefix":"Section","crossref-eq-prefix":"Equation","crossref-lof-title":"List of Figures","crossref-lot-title":"List of Tables","crossref-lol-title":"List of Listings","environment-proof-title":"Proof","environment-remark-title":"Remark","environment-solution-title":"Solution","listing-page-order-by":"Order By","listing-page-order-by-default":"Default","listing-page-order-by-date-asc":"Oldest","listing-page-order-by-date-desc":"Newest","listing-page-order-by-number-desc":"High to Low","listing-page-order-by-number-asc":"Low to High","listing-page-field-date":"Date","listing-page-field-title":"Title","listing-page-field-description":"Description","listing-page-field-author":"Author","listing-page-field-filename":"File Name","listing-page-field-filemodified":"Modified","listing-page-field-subtitle":"Subtitle","listing-page-field-readingtime":"Reading Time","listing-page-field-wordcount":"Word Count","listing-page-field-categories":"Categories","listing-page-minutes-compact":"{0} min","listing-page-category-all":"All","listing-page-no-matches":"No matching items","listing-page-words":"{0} words","listing-page-filter":"Filter","draft":"Draft"},"metadata":{"lang":"en","fig-responsive":true,"quarto-version":"1.8.25","theme":"cosmo","title":"TIMSCONVERT workflow comparison"},"extensions":{"book":{"multiFile":true}}},"pdf":{"identifier":{"display-name":"PDF","target-format":"pdf","base-format":"pdf"},"execute":{"fig-width":5.5,"fig-height":3.5,"fig-format":"pdf","fig-dpi":300,"df-print":"default","error":false,"eval":true,"cache":null,"freeze":false,"echo":true,"output":{"html_document":"default"},"warning":false,"include":true,"keep-md":false,"keep-ipynb":false,"ipynb":null,"enabled":null,"daemon":null,"daemon-restart":false,"debug":false,"ipynb-filters":[],"ipynb-shell-interactivity":null,"plotly-connected":true,"message":false,"engine":"knitr"},"render":{"keep-tex":false,"keep-typ":false,"keep-source":false,"keep-hidden":false,"prefer-html":false,"output-divs":true,"output-ext":"pdf","fig-align":"default","fig-pos":null,"fig-env":null,"code-fold":"none","code-overflow":"scroll","code-link":false,"code-line-numbers":false,"code-tools":false,"tbl-colwidths":true,"merge-includes":true,"inline-includes":false,"preserve-yaml":false,"latex-auto-mk":true,"latex-auto-install":true,"latex-clean":true,"latex-min-runs":1,"latex-max-runs":10,"latex-makeindex":"makeindex","latex-makeindex-opts":[],"latex-tlmgr-opts":[],"latex-input-paths":[],"latex-output-dir":null,"link-external-icon":false,"link-external-newwindow":false,"self-contained-math":false,"format-resources":[]},"pandoc":{"pdf-engine":"lualatex","standalone":true,"variables":{"graphics":true,"tables":true},"default-image-extension":"pdf","to":"pdf","output-file":"4-timsconvert_comparison.pdf"},"language":{"toc-title-document":"Table of contents","toc-title-website":"On this page","related-formats-title":"Other Formats","related-notebooks-title":"Notebooks","source-notebooks-prefix":"Source","other-links-title":"Other Links","code-links-title":"Code Links","launch-dev-container-title":"Launch Dev Container","launch-binder-title":"Launch Binder","article-notebook-label":"Article Notebook","notebook-preview-download":"Download Notebook","notebook-preview-download-src":"Download Source","notebook-preview-back":"Back to Article","manuscript-meca-bundle":"MECA Bundle","section-title-abstract":"Abstract","section-title-appendices":"Appendices","section-title-footnotes":"Footnotes","section-title-references":"References","section-title-reuse":"Reuse","section-title-copyright":"Copyright","section-title-citation":"Citation","appendix-attribution-cite-as":"For attribution, please cite this work as:","appendix-attribution-bibtex":"BibTeX citation:","appendix-view-license":"View License","title-block-author-single":"Author","title-block-author-plural":"Authors","title-block-affiliation-single":"Affiliation","title-block-affiliation-plural":"Affiliations","title-block-published":"Published","title-block-modified":"Modified","title-block-keywords":"Keywords","callout-tip-title":"Tip","callout-note-title":"Note","callout-warning-title":"Warning","callout-important-title":"Important","callout-caution-title":"Caution","code-summary":"Code","code-tools-menu-caption":"Code","code-tools-show-all-code":"Show All Code","code-tools-hide-all-code":"Hide All Code","code-tools-view-source":"View Source","code-tools-source-code":"Source Code","tools-share":"Share","tools-download":"Download","code-line":"Line","code-lines":"Lines","copy-button-tooltip":"Copy to Clipboard","copy-button-tooltip-success":"Copied!","repo-action-links-edit":"Edit this page","repo-action-links-source":"View source","repo-action-links-issue":"Report an issue","back-to-top":"Back to top","search-no-results-text":"No results","search-matching-documents-text":"matching documents","search-copy-link-title":"Copy link to search","search-hide-matches-text":"Hide additional matches","search-more-match-text":"more match in this document","search-more-matches-text":"more matches in this document","search-clear-button-title":"Clear","search-text-placeholder":"","search-detached-cancel-button-title":"Cancel","search-submit-button-title":"Submit","search-label":"Search","toggle-section":"Toggle section","toggle-sidebar":"Toggle sidebar navigation","toggle-dark-mode":"Toggle dark mode","toggle-reader-mode":"Toggle reader mode","toggle-navigation":"Toggle navigation","crossref-fig-title":"Figure","crossref-tbl-title":"Table","crossref-lst-title":"Listing","crossref-thm-title":"Theorem","crossref-lem-title":"Lemma","crossref-cor-title":"Corollary","crossref-prp-title":"Proposition","crossref-cnj-title":"Conjecture","crossref-def-title":"Definition","crossref-exm-title":"Example","crossref-exr-title":"Exercise","crossref-ch-prefix":"Chapter","crossref-apx-prefix":"Appendix","crossref-sec-prefix":"Section","crossref-eq-prefix":"Equation","crossref-lof-title":"List of Figures","crossref-lot-title":"List of Tables","crossref-lol-title":"List of Listings","environment-proof-title":"Proof","environment-remark-title":"Remark","environment-solution-title":"Solution","listing-page-order-by":"Order By","listing-page-order-by-default":"Default","listing-page-order-by-date-asc":"Oldest","listing-page-order-by-date-desc":"Newest","listing-page-order-by-number-desc":"High to Low","listing-page-order-by-number-asc":"Low to High","listing-page-field-date":"Date","listing-page-field-title":"Title","listing-page-field-description":"Description","listing-page-field-author":"Author","listing-page-field-filename":"File Name","listing-page-field-filemodified":"Modified","listing-page-field-subtitle":"Subtitle","listing-page-field-readingtime":"Reading Time","listing-page-field-wordcount":"Word Count","listing-page-field-categories":"Categories","listing-page-minutes-compact":"{0} min","listing-page-category-all":"All","listing-page-no-matches":"No matching items","listing-page-words":"{0} words","listing-page-filter":"Filter","draft":"Draft"},"metadata":{"block-headings":true,"documentclass":"scrreprt","title":"TIMSCONVERT workflow comparison"},"extensions":{"book":{"selfContainedOutput":true}}}},"projectFormats":["html","pdf"]}