{"title":"Data processing in TIMSImaging and rank-sum test","markdown":{"yaml":{"title":"Data processing in TIMSImaging and rank-sum test","execute":{"warning":false,"message":false},"output":{"html_document":"default"}},"headingText":"Introcution","containsRefs":false,"markdown":"\n\nIn this part, we process the MALDI-TIMS-MS1 dataset of bacterial-fungal co-culture, then find features with high intensity in the microbioal region, and export the processed data in the open imzML format.\n\n### Load MALDI-TIMS-TOF raw data\n\n## Understanding experiment setting\nAs the TIC image shows, there are 4 regions: *G.arilaitensis* + *P.solitum* co-culuture(top), *P.solitum*(bottom left), *G.arilaitensis*(bottom middle) and the media/matrix(bottom right)\n\n### Peak processing\nThe first step is to extract features. Due to the heterogeneity of regions, we set `sampling_ratio` to 1 so that all pixels are used for mean spectrum calculation.\n\nHere we get 784 features in total, each of them corresponds to an ion image.\n\n### Differential analysis using Wilcoxon rank-sum test\nFor precursor targets in following MS2 experiments, we want to select ions relevant to cell culture and exclude matrix ions. Specifically, a desired precursor should be associate with the microbioal culture region,  with minimum intensity in the matrix region. We referred the paper below, which uses a non-spatial Wilcoxon rank-sum test.  \nRauser, S., C. Marquardt, B. Balluff, S.-O. Deininger, C. Albers, E. Belau, R. Hartmer, D. Suckau, K. Specht, M. P. Ebert, M. Schmitt, M. Aubele, H. Höfler and A. Walch (2010). \"Classification of HER2 Receptor Status in Breast Cancer Tissues by MALDI Imaging Mass Spectrometry.\" Journal of Proteome Research 9(4): 1854-1863.\n\nHere we use the same ROI setting as the original paper: the media/matrix region as group 1, while all other region as group 2, treat pixels as samples and test if there is a signifcant intensity difference between two groups.\n\nApply RMS normalization to each group before the test:\n\nCompute the statistics and fold change.\n\n### Visualize results in a volcano plot\n\nNow we can make a volcano plot. The features to be selected is on the top right, that present high signal-to-noise ratio and high significance score.\n\n### Corroborate differential features in literature\nHere is the features reported in the literature, using the \"find discriminating\" funtion in SCiLS Lab. We retrieve them in the feature list and look where they are in the volcano plot.\n\nAll those features were detected by TIMSImaging, with minimal m/z differences.\n\nNow we can view the position of these precursors in the volcano plot:\n\nSimilar to the internal function in SCiLS, Wilcoxon rank-sum test outputs significant p values for these features. Deisotoping and applying an intensity filtration would result a more concrete precursor candidate list.\n\n### Export the processed data in imzML format {#imzML_export}\nFinally, export processed data for further differential analysis in R.\n","srcMarkdownNoYaml":"\n\n## Introcution\nIn this part, we process the MALDI-TIMS-MS1 dataset of bacterial-fungal co-culture, then find features with high intensity in the microbioal region, and export the processed data in the open imzML format.\n\n### Load MALDI-TIMS-TOF raw data\n\n## Understanding experiment setting\nAs the TIC image shows, there are 4 regions: *G.arilaitensis* + *P.solitum* co-culuture(top), *P.solitum*(bottom left), *G.arilaitensis*(bottom middle) and the media/matrix(bottom right)\n\n### Peak processing\nThe first step is to extract features. Due to the heterogeneity of regions, we set `sampling_ratio` to 1 so that all pixels are used for mean spectrum calculation.\n\nHere we get 784 features in total, each of them corresponds to an ion image.\n\n### Differential analysis using Wilcoxon rank-sum test\nFor precursor targets in following MS2 experiments, we want to select ions relevant to cell culture and exclude matrix ions. Specifically, a desired precursor should be associate with the microbioal culture region,  with minimum intensity in the matrix region. We referred the paper below, which uses a non-spatial Wilcoxon rank-sum test.  \nRauser, S., C. Marquardt, B. Balluff, S.-O. Deininger, C. Albers, E. Belau, R. Hartmer, D. Suckau, K. Specht, M. P. Ebert, M. Schmitt, M. Aubele, H. Höfler and A. Walch (2010). \"Classification of HER2 Receptor Status in Breast Cancer Tissues by MALDI Imaging Mass Spectrometry.\" Journal of Proteome Research 9(4): 1854-1863.\n\nHere we use the same ROI setting as the original paper: the media/matrix region as group 1, while all other region as group 2, treat pixels as samples and test if there is a signifcant intensity difference between two groups.\n\nApply RMS normalization to each group before the test:\n\nCompute the statistics and fold change.\n\n### Visualize results in a volcano plot\n\nNow we can make a volcano plot. The features to be selected is on the top right, that present high signal-to-noise ratio and high significance score.\n\n### Corroborate differential features in literature\nHere is the features reported in the literature, using the \"find discriminating\" funtion in SCiLS Lab. We retrieve them in the feature list and look where they are in the volcano plot.\n\nAll those features were detected by TIMSImaging, with minimal m/z differences.\n\nNow we can view the position of these precursors in the volcano plot:\n\nSimilar to the internal function in SCiLS, Wilcoxon rank-sum test outputs significant p values for these features. Deisotoping and applying an intensity filtration would result a more concrete precursor candidate list.\n\n### Export the processed data in imzML format {#imzML_export}\nFinally, export processed data for further differential analysis in R.\n"},"formats":{"html":{"identifier":{"display-name":"HTML","target-format":"html","base-format":"html"},"execute":{"fig-width":7,"fig-height":5,"fig-format":"retina","fig-dpi":96,"df-print":"default","error":false,"eval":true,"cache":null,"freeze":false,"echo":true,"output":{"html_document":"default"},"warning":false,"include":true,"keep-md":false,"keep-ipynb":false,"ipynb":null,"enabled":false,"daemon":null,"daemon-restart":false,"debug":false,"ipynb-filters":[],"ipynb-shell-interactivity":null,"plotly-connected":true,"message":false,"engine":"jupyter"},"render":{"keep-tex":false,"keep-typ":false,"keep-source":false,"keep-hidden":false,"prefer-html":false,"output-divs":true,"output-ext":"html","fig-align":"default","fig-pos":null,"fig-env":null,"code-fold":"none","code-overflow":"scroll","code-link":false,"code-line-numbers":false,"code-tools":false,"tbl-colwidths":"auto","merge-includes":true,"inline-includes":false,"preserve-yaml":false,"latex-auto-mk":true,"latex-auto-install":true,"latex-clean":true,"latex-min-runs":1,"latex-max-runs":10,"latex-makeindex":"makeindex","latex-makeindex-opts":[],"latex-tlmgr-opts":[],"latex-input-paths":[],"latex-output-dir":null,"link-external-icon":false,"link-external-newwindow":false,"self-contained-math":false,"format-resources":[],"notebook-links":true},"pandoc":{"standalone":true,"wrap":"none","default-image-extension":"png","to":"html","toc":true,"output-file":"5-microbial_culture.html"},"language":{"toc-title-document":"Table of contents","toc-title-website":"On this page","related-formats-title":"Other Formats","related-notebooks-title":"Notebooks","source-notebooks-prefix":"Source","other-links-title":"Other Links","code-links-title":"Code Links","launch-dev-container-title":"Launch Dev Container","launch-binder-title":"Launch Binder","article-notebook-label":"Article Notebook","notebook-preview-download":"Download Notebook","notebook-preview-download-src":"Download Source","notebook-preview-back":"Back to Article","manuscript-meca-bundle":"MECA Bundle","section-title-abstract":"Abstract","section-title-appendices":"Appendices","section-title-footnotes":"Footnotes","section-title-references":"References","section-title-reuse":"Reuse","section-title-copyright":"Copyright","section-title-citation":"Citation","appendix-attribution-cite-as":"For attribution, please cite this work as:","appendix-attribution-bibtex":"BibTeX citation:","appendix-view-license":"View License","title-block-author-single":"Author","title-block-author-plural":"Authors","title-block-affiliation-single":"Affiliation","title-block-affiliation-plural":"Affiliations","title-block-published":"Published","title-block-modified":"Modified","title-block-keywords":"Keywords","callout-tip-title":"Tip","callout-note-title":"Note","callout-warning-title":"Warning","callout-important-title":"Important","callout-caution-title":"Caution","code-summary":"Code","code-tools-menu-caption":"Code","code-tools-show-all-code":"Show All Code","code-tools-hide-all-code":"Hide All Code","code-tools-view-source":"View Source","code-tools-source-code":"Source Code","tools-share":"Share","tools-download":"Download","code-line":"Line","code-lines":"Lines","copy-button-tooltip":"Copy to Clipboard","copy-button-tooltip-success":"Copied!","repo-action-links-edit":"Edit this page","repo-action-links-source":"View source","repo-action-links-issue":"Report an issue","back-to-top":"Back to top","search-no-results-text":"No results","search-matching-documents-text":"matching documents","search-copy-link-title":"Copy link to search","search-hide-matches-text":"Hide additional matches","search-more-match-text":"more match in this document","search-more-matches-text":"more matches in this document","search-clear-button-title":"Clear","search-text-placeholder":"","search-detached-cancel-button-title":"Cancel","search-submit-button-title":"Submit","search-label":"Search","toggle-section":"Toggle section","toggle-sidebar":"Toggle sidebar navigation","toggle-dark-mode":"Toggle dark mode","toggle-reader-mode":"Toggle reader mode","toggle-navigation":"Toggle navigation","crossref-fig-title":"Figure","crossref-tbl-title":"Table","crossref-lst-title":"Listing","crossref-thm-title":"Theorem","crossref-lem-title":"Lemma","crossref-cor-title":"Corollary","crossref-prp-title":"Proposition","crossref-cnj-title":"Conjecture","crossref-def-title":"Definition","crossref-exm-title":"Example","crossref-exr-title":"Exercise","crossref-ch-prefix":"Chapter","crossref-apx-prefix":"Appendix","crossref-sec-prefix":"Section","crossref-eq-prefix":"Equation","crossref-lof-title":"List of Figures","crossref-lot-title":"List of Tables","crossref-lol-title":"List of Listings","environment-proof-title":"Proof","environment-remark-title":"Remark","environment-solution-title":"Solution","listing-page-order-by":"Order By","listing-page-order-by-default":"Default","listing-page-order-by-date-asc":"Oldest","listing-page-order-by-date-desc":"Newest","listing-page-order-by-number-desc":"High to Low","listing-page-order-by-number-asc":"Low to High","listing-page-field-date":"Date","listing-page-field-title":"Title","listing-page-field-description":"Description","listing-page-field-author":"Author","listing-page-field-filename":"File Name","listing-page-field-filemodified":"Modified","listing-page-field-subtitle":"Subtitle","listing-page-field-readingtime":"Reading Time","listing-page-field-wordcount":"Word Count","listing-page-field-categories":"Categories","listing-page-minutes-compact":"{0} min","listing-page-category-all":"All","listing-page-no-matches":"No matching items","listing-page-words":"{0} words","listing-page-filter":"Filter","draft":"Draft"},"metadata":{"lang":"en","fig-responsive":true,"quarto-version":"1.8.25","theme":"cosmo","title":"Data processing in TIMSImaging and rank-sum test"},"extensions":{"book":{"multiFile":true}}},"pdf":{"identifier":{"display-name":"PDF","target-format":"pdf","base-format":"pdf"},"execute":{"fig-width":5.5,"fig-height":3.5,"fig-format":"pdf","fig-dpi":300,"df-print":"default","error":false,"eval":true,"cache":null,"freeze":false,"echo":true,"output":{"html_document":"default"},"warning":false,"include":true,"keep-md":false,"keep-ipynb":false,"ipynb":null,"enabled":false,"daemon":null,"daemon-restart":false,"debug":false,"ipynb-filters":[],"ipynb-shell-interactivity":null,"plotly-connected":true,"message":false,"engine":"jupyter"},"render":{"keep-tex":false,"keep-typ":false,"keep-source":false,"keep-hidden":false,"prefer-html":false,"output-divs":true,"output-ext":"pdf","fig-align":"default","fig-pos":null,"fig-env":null,"code-fold":"none","code-overflow":"scroll","code-link":false,"code-line-numbers":false,"code-tools":false,"tbl-colwidths":true,"merge-includes":true,"inline-includes":false,"preserve-yaml":false,"latex-auto-mk":true,"latex-auto-install":true,"latex-clean":true,"latex-min-runs":1,"latex-max-runs":10,"latex-makeindex":"makeindex","latex-makeindex-opts":[],"latex-tlmgr-opts":[],"latex-input-paths":[],"latex-output-dir":null,"link-external-icon":false,"link-external-newwindow":false,"self-contained-math":false,"format-resources":[]},"pandoc":{"pdf-engine":"lualatex","standalone":true,"variables":{"graphics":true,"tables":true},"default-image-extension":"pdf","to":"pdf","output-file":"5-microbial_culture.pdf"},"language":{"toc-title-document":"Table of contents","toc-title-website":"On this page","related-formats-title":"Other Formats","related-notebooks-title":"Notebooks","source-notebooks-prefix":"Source","other-links-title":"Other Links","code-links-title":"Code Links","launch-dev-container-title":"Launch Dev Container","launch-binder-title":"Launch Binder","article-notebook-label":"Article Notebook","notebook-preview-download":"Download Notebook","notebook-preview-download-src":"Download Source","notebook-preview-back":"Back to Article","manuscript-meca-bundle":"MECA Bundle","section-title-abstract":"Abstract","section-title-appendices":"Appendices","section-title-footnotes":"Footnotes","section-title-references":"References","section-title-reuse":"Reuse","section-title-copyright":"Copyright","section-title-citation":"Citation","appendix-attribution-cite-as":"For attribution, please cite this work as:","appendix-attribution-bibtex":"BibTeX citation:","appendix-view-license":"View License","title-block-author-single":"Author","title-block-author-plural":"Authors","title-block-affiliation-single":"Affiliation","title-block-affiliation-plural":"Affiliations","title-block-published":"Published","title-block-modified":"Modified","title-block-keywords":"Keywords","callout-tip-title":"Tip","callout-note-title":"Note","callout-warning-title":"Warning","callout-important-title":"Important","callout-caution-title":"Caution","code-summary":"Code","code-tools-menu-caption":"Code","code-tools-show-all-code":"Show All Code","code-tools-hide-all-code":"Hide All Code","code-tools-view-source":"View Source","code-tools-source-code":"Source Code","tools-share":"Share","tools-download":"Download","code-line":"Line","code-lines":"Lines","copy-button-tooltip":"Copy to Clipboard","copy-button-tooltip-success":"Copied!","repo-action-links-edit":"Edit this page","repo-action-links-source":"View source","repo-action-links-issue":"Report an issue","back-to-top":"Back to top","search-no-results-text":"No results","search-matching-documents-text":"matching documents","search-copy-link-title":"Copy link to search","search-hide-matches-text":"Hide additional matches","search-more-match-text":"more match in this document","search-more-matches-text":"more matches in this document","search-clear-button-title":"Clear","search-text-placeholder":"","search-detached-cancel-button-title":"Cancel","search-submit-button-title":"Submit","search-label":"Search","toggle-section":"Toggle section","toggle-sidebar":"Toggle sidebar navigation","toggle-dark-mode":"Toggle dark mode","toggle-reader-mode":"Toggle reader mode","toggle-navigation":"Toggle navigation","crossref-fig-title":"Figure","crossref-tbl-title":"Table","crossref-lst-title":"Listing","crossref-thm-title":"Theorem","crossref-lem-title":"Lemma","crossref-cor-title":"Corollary","crossref-prp-title":"Proposition","crossref-cnj-title":"Conjecture","crossref-def-title":"Definition","crossref-exm-title":"Example","crossref-exr-title":"Exercise","crossref-ch-prefix":"Chapter","crossref-apx-prefix":"Appendix","crossref-sec-prefix":"Section","crossref-eq-prefix":"Equation","crossref-lof-title":"List of Figures","crossref-lot-title":"List of Tables","crossref-lol-title":"List of Listings","environment-proof-title":"Proof","environment-remark-title":"Remark","environment-solution-title":"Solution","listing-page-order-by":"Order By","listing-page-order-by-default":"Default","listing-page-order-by-date-asc":"Oldest","listing-page-order-by-date-desc":"Newest","listing-page-order-by-number-desc":"High to Low","listing-page-order-by-number-asc":"Low to High","listing-page-field-date":"Date","listing-page-field-title":"Title","listing-page-field-description":"Description","listing-page-field-author":"Author","listing-page-field-filename":"File Name","listing-page-field-filemodified":"Modified","listing-page-field-subtitle":"Subtitle","listing-page-field-readingtime":"Reading Time","listing-page-field-wordcount":"Word Count","listing-page-field-categories":"Categories","listing-page-minutes-compact":"{0} min","listing-page-category-all":"All","listing-page-no-matches":"No matching items","listing-page-words":"{0} words","listing-page-filter":"Filter","draft":"Draft"},"metadata":{"block-headings":true,"documentclass":"scrreprt","title":"Data processing in TIMSImaging and rank-sum test"},"extensions":{"book":{"selfContainedOutput":true}}}},"projectFormats":["html","pdf"]}