{
  "hash": "377176afaf2bf98ee55950b65ca79314",
  "result": {
    "engine": "knitr",
    "markdown": "---\ntitle: \"TIMSCONVERT workflow comparison\"\nexecute:\n  warning: false\n  message: false\noutput:\n  html_document: default\n---\n\n## Introduction\n\nIn this part, we compare TIMSImaging workflow with existing method that ignores ion mobility on the same mosue kidney peptide dataset. TIMSCONVERT is an open-source tool to convert general Bruker raw data into open formats, users could install from https://github.com/gtluu/timsconvert. Specifically, it outputs imzML for MALDI-TIMS-MS imaging data, either with ion mobility or not. However, it does **NOT** do any pre-processing. ![](workflow_compare.png)\n\n### Convert raw data using TIMSCONVERT\nFirst we use TIMSCONVERT to get **unprocessed** imzML. Note that unprocessed imzML with ion mobility is usually huge, we recommmend to do conversion using HPC.\n\n::: {.cell}\n\n```{.shell .cell-code}\n#!/bin/bash\n#SBATCH --nodes=1\n#SBATCH --time=4:00:00\n#SBATCH --job-name=Casestudy_timsconvert\n#SBATCH --mem=80G\n#SBATCH --partition=short\n#SBATCH -o output_%j.txt                    # Standard output file\n#SBATCH -e error_%j.txt                     # Standard error file\n#SBATCH --mail-user=zhu.yiny@northeastern.edu  # Email\n#SBATCH --mail-type=ALL                     # Type of email notifications\neval \"$(conda shell.bash hook)\"\nconda activate timsconvert\ncd /work/VitekLab/Data/MS/Melanie_manuscript/\ntimsconvert --input Kidney_MS1_ITO6.d --outdir mouse_kidney_timsconvert_output --compression none --mode centroid --verbose\nconda deactivate\n```\n:::\n\n\n### Process data from TIMSCONVERT\n\n\n\nLoad the imzML data from TIMSCONVERT, which is obtained by running the shell script.\n\n\n::: {.cell}\n\n```{.r .cell-code}\nmsa <- readMSIData(\"D:\\\\dataset\\\\Melanie_case_study\\\\Kidney_MS1_ITO6.imzML\")\nmsa\n```\n\n::: {.cell-output .cell-output-stdout}\n\n```\nMSImagingArrays with 38267 spectra \nspectraData(2): intensity, mz\npixelData(3): x, y, run\ncoord(2): x = 204...753, y = 99...442\nrunNames(1): Kidney_MS1_ITO6\nexperimentData(5): spectrumType, spectrumRepresentation, lineScanSequence, scanType, lineScanDirection\ncentroided: TRUE \ncontinuous: FALSE \n```\n\n\n:::\n:::\n\n\nTIMSCONVERT keeped ion mobility in the imzML data, however the peak processing functions in Cardinal cannot take advantage of it. Here we bin the spectra to project data points with the same m/z but different ion mobilities together, then do processing **without** ion mobility in Cardinal.\n\n\n::: {.cell}\n\n```{.r .cell-code}\nmse_binned <- bin(msa, resolution=20, units=\"ppm\")\nmse<-summarizePixels(mse_binned)\n```\n:::\n\n\nTo reduce the computation, we only process the kidney tissue region in following steps.\n\n\n::: {.cell}\n\n```{.r .cell-code}\nkidney <- subsetPixels(mse, x<500)\nimage(kidney, 'tic')\n```\n\n::: {.cell-output-display}\n![](4-timsconvert_comparison_files/figure-pdf/unnamed-chunk-3-1.pdf){fig-pos='H'}\n:::\n:::\n\n\nPlot one spectrum, though a single spectrum is centroided on m/z dimension by the instrument, it looks more similar with a profile spectrum after projection.\n\n\n::: {.cell}\n\n```{.r .cell-code}\nplot(kidney, i=1234)\n```\n\n::: {.cell-output-display}\n![](4-timsconvert_comparison_files/figure-pdf/unprocessed spectra visualization-1.pdf){fig-pos='H'}\n:::\n:::\n\n\nTreat the data as profile spectra and process it to reduce the number of features.\n\n\n::: {.cell}\n\n```{.r .cell-code}\nkidney <- subsetPixels(mse_binned, x<500)\ncentroided(kidney)<-FALSE\nset.seed(1, kind=\"L'Ecuyer-CMRG\")\n#kidney <- normalize(kidney, method='rms')\npeaks <- peakProcess(kidney, SNR=3, tolerance=200, units=\"ppm\")\n```\n:::\n\n\n### Comparing ion images with/without ion mobility\n\nThen we load the processed data from TIMSImaging, which is already peak-picked.\n\n\n::: {.cell}\n\n```{.r .cell-code}\npeaks_timsimaging <- readMSIData(\"D:\\\\dataset\\\\Melanie_case_study\\\\mouse_kidney.imzML\")\npeaks_timsimaging\n```\n\n::: {.cell-output .cell-output-stdout}\n\n```\nMSImagingExperiment with 3110 features and 22978 spectra \nspectraData(1): intensity\nfeatureData(1): mz\npixelData(3): x, y, run\ncoord(2): x = 204...409, y = 175...332\nrunNames(1): mouse_kidney\nexperimentData(5): spectrumType, spectrumRepresentation, lineScanSequence, scanType, lineScanDirection\nmass range:  800.2957 to 1760.7449 \ncentroided: TRUE \n```\n\n\n:::\n:::\n\n\nNormalize on peak-picked data for fair comparison:\n\n\n::: {.cell}\n\n```{.r .cell-code}\npeaks_norm = process(normalize(peaks, method='tic'))\npeaks_timsimaging <- process(normalize(peaks_timsimaging, method='tic'))\n```\n:::\n\n\nPlot ion images from processsing with/without ion mobility in the same color scale.\n\n\n::: {.cell}\n\n```{.r .cell-code}\nm <- 1198.7\nimage(peaks_timsimaging, i = findInterval(m, mz(peaks_timsimaging))+1, zlim=c(0, 5))\n```\n\n::: {.cell-output-display}\n![](4-timsconvert_comparison_files/figure-pdf/ion image visualization-1.pdf){fig-pos='H'}\n:::\n\n```{.r .cell-code}\nimage(peaks_norm, mz = m, zlim=c(0, 5))\n```\n\n::: {.cell-output-display}\n![](4-timsconvert_comparison_files/figure-pdf/ion image visualization-2.pdf){fig-pos='H'}\n:::\n:::\n\n\nThe ion images from TIMSCONVERT and processed in Cardinal looks noiser, as well as less contrast between the background and kidney edge.\n\n\n::: {.cell}\n\n```{.r .cell-code}\nm <- 1443.59\nimage(peaks_timsimaging, i = findInterval(m, mz(peaks_timsimaging))+1, zlim=c(0, 8))\n```\n\n::: {.cell-output-display}\n![](4-timsconvert_comparison_files/figure-pdf/unnamed-chunk-4-1.pdf){fig-pos='H'}\n:::\n\n```{.r .cell-code}\nimage(peaks_norm, mz = m, zlim=c(0, 8))\n```\n\n::: {.cell-output-display}\n![](4-timsconvert_comparison_files/figure-pdf/unnamed-chunk-4-2.pdf){fig-pos='H'}\n:::\n:::\n\n",
    "supporting": [
      "4-timsconvert_comparison_files\\figure-pdf"
    ],
    "filters": [
      "rmarkdown/pagebreak.lua"
    ],
    "includes": {},
    "engineDependencies": {
      "knitr": [
        "{\"type\":\"list\",\"attributes\":{},\"value\":[]}"
      ]
    },
    "preserve": null,
    "postProcess": false
  }
}